{
  "Get_Articles" : {
    "transaction" : "Get_Articles",
    "sampleCount" : 1524,
    "errorCount" : 0,
    "errorPct" : 0.0,
    "meanResTime" : 305.80118110236174,
    "medianResTime" : 182.0,
    "minResTime" : 160.0,
    "maxResTime" : 4178.0,
    "pct1ResTime" : 341.0,
    "pct2ResTime" : 1049.5,
    "pct3ResTime" : 2844.75,
    "throughput" : 1.2542394362835667,
    "receivedKBytesPerSec" : 3.3928156626030077,
    "sentKBytesPerSec" : 0.24374379669963847
  },
  "Speciality" : {
    "transaction" : "Speciality",
    "sampleCount" : 1546,
    "errorCount" : 0,
    "errorPct" : 0.0,
    "meanResTime" : 297.86869340232846,
    "medianResTime" : 169.0,
    "minResTime" : 151.0,
    "maxResTime" : 13994.0,
    "pct1ResTime" : 332.29999999999995,
    "pct2ResTime" : 1044.0,
    "pct3ResTime" : 2509.7199999999993,
    "throughput" : 1.2423757825119135,
    "receivedKBytesPerSec" : 8.537740818292496,
    "sentKBytesPerSec" : 0.21717311041956297
  },
  "Get_Vitals" : {
    "transaction" : "Get_Vitals",
    "sampleCount" : 988,
    "errorCount" : 488,
    "errorPct" : 49.39271,
    "meanResTime" : 17015.775303643684,
    "medianResTime" : 20129.5,
    "minResTime" : 3091.0,
    "maxResTime" : 24980.0,
    "pct1ResTime" : 20269.2,
    "pct2ResTime" : 20567.549999999996,
    "pct3ResTime" : 20792.22,
    "throughput" : 0.8335154187697886,
    "receivedKBytesPerSec" : 2.9213755129325656,
    "sentKBytesPerSec" : 0.3361736991717995
  },
  "Get_Transaction_Details" : {
    "transaction" : "Get_Transaction_Details",
    "sampleCount" : 967,
    "errorCount" : 4,
    "errorPct" : 0.41365045,
    "meanResTime" : 2991.258531540845,
    "medianResTime" : 1217.0,
    "minResTime" : 170.0,
    "maxResTime" : 20163.0,
    "pct1ResTime" : 8346.400000000001,
    "pct2ResTime" : 10660.399999999994,
    "pct3ResTime" : 13444.199999999997,
    "throughput" : 0.8260925650814859,
    "receivedKBytesPerSec" : 0.3738735265203905,
    "sentKBytesPerSec" : 0.29529108416960614
  },
  "Laboratory" : {
    "transaction" : "Laboratory",
    "sampleCount" : 1051,
    "errorCount" : 107,
    "errorPct" : 10.18078,
    "meanResTime" : 12312.572787821115,
    "medianResTime" : 12999.0,
    "minResTime" : 617.0,
    "maxResTime" : 20884.0,
    "pct1ResTime" : 20151.6,
    "pct2ResTime" : 20171.0,
    "pct3ResTime" : 20668.8,
    "throughput" : 0.8684845069305229,
    "receivedKBytesPerSec" : 0.22943796693437365,
    "sentKBytesPerSec" : 0.33755550171713683
  },
  "Get_Doctor_List" : {
    "transaction" : "Get_Doctor_List",
    "sampleCount" : 1441,
    "errorCount" : 180,
    "errorPct" : 12.491325,
    "meanResTime" : 9510.87647467038,
    "medianResTime" : 8158.0,
    "minResTime" : 787.0,
    "maxResTime" : 20784.0,
    "pct1ResTime" : 20158.0,
    "pct2ResTime" : 20178.0,
    "pct3ResTime" : 20288.379999999997,
    "throughput" : 1.1536860308717094,
    "receivedKBytesPerSec" : 2.513472534406424,
    "sentKBytesPerSec" : 0.2320891819917697
  },
  "Get_Health _Packages" : {
    "transaction" : "Get_Health _Packages",
    "sampleCount" : 1527,
    "errorCount" : 0,
    "errorPct" : 0.0,
    "meanResTime" : 432.7806155861162,
    "medianResTime" : 270.0,
    "minResTime" : 214.0,
    "maxResTime" : 4507.0,
    "pct1ResTime" : 698.4000000000008,
    "pct2ResTime" : 1310.9999999999986,
    "pct3ResTime" : 2878.6800000000003,
    "throughput" : 1.233036661644081,
    "receivedKBytesPerSec" : 13.622987180698415,
    "sentKBytesPerSec" : 0.22156127513917084
  },
  "Send_OTP" : {
    "transaction" : "Send_OTP",
    "sampleCount" : 203,
    "errorCount" : 2,
    "errorPct" : 0.9852217,
    "meanResTime" : 9380.438423645322,
    "medianResTime" : 9304.0,
    "minResTime" : 2698.0,
    "maxResTime" : 20174.0,
    "pct1ResTime" : 16035.199999999999,
    "pct2ResTime" : 17295.199999999997,
    "pct3ResTime" : 20149.960000000003,
    "throughput" : 0.17251562626146738,
    "receivedKBytesPerSec" : 0.06035125626218976,
    "sentKBytesPerSec" : 0.05761752361466978
  },
  "Payment_Transaction_History" : {
    "transaction" : "Payment_Transaction_History",
    "sampleCount" : 1519,
    "errorCount" : 0,
    "errorPct" : 0.0,
    "meanResTime" : 302.24555628703115,
    "medianResTime" : 173.0,
    "minResTime" : 156.0,
    "maxResTime" : 5060.0,
    "pct1ResTime" : 632.0,
    "pct2ResTime" : 852.0,
    "pct3ResTime" : 2574.199999999996,
    "throughput" : 1.248712445117074,
    "receivedKBytesPerSec" : 0.3146170027736378,
    "sentKBytesPerSec" : 0.26461972713906745
  },
  "Booking_history" : {
    "transaction" : "Booking_history",
    "sampleCount" : 1052,
    "errorCount" : 3,
    "errorPct" : 0.2851711,
    "meanResTime" : 4951.301330798478,
    "medianResTime" : 3875.0,
    "minResTime" : 176.0,
    "maxResTime" : 20739.0,
    "pct1ResTime" : 11603.900000000001,
    "pct2ResTime" : 12754.099999999999,
    "pct3ResTime" : 15048.29,
    "throughput" : 0.8732290549536658,
    "receivedKBytesPerSec" : 4.391223957209286,
    "sentKBytesPerSec" : 2.4030854266205375
  },
  "Family_Member" : {
    "transaction" : "Family_Member",
    "sampleCount" : 961,
    "errorCount" : 644,
    "errorPct" : 67.01353,
    "meanResTime" : 6913.685744016643,
    "medianResTime" : 5846.0,
    "minResTime" : 627.0,
    "maxResTime" : 29867.0,
    "pct1ResTime" : 11963.2,
    "pct2ResTime" : 13844.2,
    "pct3ResTime" : 16246.3,
    "throughput" : 0.8288541285733014,
    "receivedKBytesPerSec" : 1.4790714871592296,
    "sentKBytesPerSec" : 0.27330192715053575
  },
  "Appointment_History" : {
    "transaction" : "Appointment_History",
    "sampleCount" : 1058,
    "errorCount" : 112,
    "errorPct" : 10.586011,
    "meanResTime" : 13215.831758034044,
    "medianResTime" : 14304.0,
    "minResTime" : 1492.0,
    "maxResTime" : 21077.0,
    "pct1ResTime" : 20155.1,
    "pct2ResTime" : 20180.2,
    "pct3ResTime" : 20648.41,
    "throughput" : 0.873104422628754,
    "receivedKBytesPerSec" : 40.65771159758923,
    "sentKBytesPerSec" : 0.32911944056122955
  },
  "Popular_Doctor" : {
    "transaction" : "Popular_Doctor",
    "sampleCount" : 1524,
    "errorCount" : 0,
    "errorPct" : 0.0,
    "meanResTime" : 311.14107611548553,
    "medianResTime" : 186.0,
    "minResTime" : 163.0,
    "maxResTime" : 3622.0,
    "pct1ResTime" : 367.5,
    "pct2ResTime" : 1071.25,
    "pct3ResTime" : 2657.25,
    "throughput" : 1.255954245026454,
    "receivedKBytesPerSec" : 5.261765460691681,
    "sentKBytesPerSec" : 0.24407704566432067
  },
  "Available_Slots" : {
    "transaction" : "Available_Slots",
    "sampleCount" : 1250,
    "errorCount" : 63,
    "errorPct" : 5.04,
    "meanResTime" : 7178.125600000004,
    "medianResTime" : 4963.5,
    "minResTime" : 650.0,
    "maxResTime" : 20309.0,
    "pct1ResTime" : 16808.9,
    "pct2ResTime" : 20148.45,
    "pct3ResTime" : 20178.49,
    "throughput" : 1.0029615448496318,
    "receivedKBytesPerSec" : 3.7159842771234906,
    "sentKBytesPerSec" : 0.22331565647042587
  },
  "Registration" : {
    "transaction" : "Registration",
    "sampleCount" : 704,
    "errorCount" : 501,
    "errorPct" : 71.16477,
    "meanResTime" : 7892.866477272731,
    "medianResTime" : 6766.0,
    "minResTime" : 1398.0,
    "maxResTime" : 20160.0,
    "pct1ResTime" : 14557.0,
    "pct2ResTime" : 15917.5,
    "pct3ResTime" : 18398.65000000002,
    "throughput" : 0.5869239349915046,
    "receivedKBytesPerSec" : 0.15008206201218202,
    "sentKBytesPerSec" : 0.47744886508586265
  },
  "Total" : {
    "transaction" : "Total",
    "sampleCount" : 24006,
    "errorCount" : 3054,
    "errorPct" : 12.72182,
    "meanResTime" : 5435.038740314923,
    "medianResTime" : 2908.5,
    "minResTime" : 151.0,
    "maxResTime" : 29867.0,
    "pct1ResTime" : 18227.9,
    "pct2ResTime" : 20162.0,